field,id,z_phot,log_mass,log_sigma1kpc,log_ssfr1kpc,log_xray_L210_unabs,bhar_msun_yr,image_path
ceers-full-grizli-v7.2,3945,4.38291788,10.02704041,8.42484608,-8.34389749,,,images/galaxy_gallery/ceers-full-grizli-v7.2_3945.png
ceers-full-grizli-v7.2,5760,3.00421977,11.18617852,10.20326849,-10.32739045,,,images/galaxy_gallery/ceers-full-grizli-v7.2_5760.png
ceers-full-grizli-v7.2,7670,1.87019837,11.35357392,9.95418877,-10.48253475,,,images/galaxy_gallery/ceers-full-grizli-v7.2_7670.png
ceers-full-grizli-v7.2,9303,3.52796721,10.93098580,10.01699162,-9.67382114,,,images/galaxy_gallery/ceers-full-grizli-v7.2_9303.png
ceers-full-grizli-v7.2,9589,4.46966600,10.37363189,9.21483270,-8.53211171,,,images/galaxy_gallery/ceers-full-grizli-v7.2_9589.png
ceers-full-grizli-v7.2,12229,4.39566612,9.94282121,8.92667573,-8.43512898,,,images/galaxy_gallery/ceers-full-grizli-v7.2_12229.png
ceers-full-grizli-v7.2,15655,1.52555180,11.41127978,10.10555705,-8.50144640,43.59364368,1.00603064e-01,images/galaxy_gallery/ceers-full-grizli-v7.2_15655.png
ceers-full-grizli-v7.2,17276,3.09021497,10.95270972,9.75737333,-8.35999416,43.94763935,2.41824513e-01,images/galaxy_gallery/ceers-full-grizli-v7.2_17276.png
ceers-full-grizli-v7.2,19174,3.77291179,10.88468513,9.59833077,-10.93483873,,,images/galaxy_gallery/ceers-full-grizli-v7.2_19174.png
ceers-full-grizli-v7.2,19318,2.73739624,11.10242145,10.09600614,-11.38090396,,,images/galaxy_gallery/ceers-full-grizli-v7.2_19318.png
ceers-full-grizli-v7.2,19427,1.08491051,11.08462286,9.57855795,-10.66426097,,,images/galaxy_gallery/ceers-full-grizli-v7.2_19427.png
ceers-full-grizli-v7.2,23809,0.83011055,11.29140047,9.89788326,-12.18626782,,,images/galaxy_gallery/ceers-full-grizli-v7.2_23809.png
ceers-full-grizli-v7.2,24053,4.28885984,9.92278687,8.99360353,-8.35914857,,,images/galaxy_gallery/ceers-full-grizli-v7.2_24053.png
ceers-full-grizli-v7.2,24517,0.78916270,11.31391939,10.02662023,-13.63030426,,,images/galaxy_gallery/ceers-full-grizli-v7.2_24517.png
ceers-full-grizli-v7.2,24948,4.49786091,10.17194683,9.46399942,-8.94565406,,,images/galaxy_gallery/ceers-full-grizli-v7.2_24948.png
ceers-full-grizli-v7.2,25712,3.89179325,10.95351267,9.69973577,-9.50348613,,,images/galaxy_gallery/ceers-full-grizli-v7.2_25712.png
ceers-full-grizli-v7.2,27048,1.75781965,11.39699997,10.19383082,-12.69896441,,,images/galaxy_gallery/ceers-full-grizli-v7.2_27048.png
ceers-full-grizli-v7.2,27378,1.72938037,11.31686966,9.87766519,-11.08766104,,,images/galaxy_gallery/ceers-full-grizli-v7.2_27378.png
ceers-full-grizli-v7.2,27651,2.19111347,11.16486365,10.06944001,-8.46109105,43.88720351,2.14691904e-01,images/galaxy_gallery/ceers-full-grizli-v7.2_27651.png
ceers-full-grizli-v7.2,29357,2.16587877,11.22204551,10.08915233,-10.66468338,,,images/galaxy_gallery/ceers-full-grizli-v7.2_29357.png
ceers-full-grizli-v7.2,29533,4.40577364,10.04964421,8.91215068,-8.35206663,,,images/galaxy_gallery/ceers-full-grizli-v7.2_29533.png
ceers-full-grizli-v7.2,37883,2.61258006,11.17228782,9.98339339,-8.40098668,,,images/galaxy_gallery/ceers-full-grizli-v7.2_37883.png
ceers-full-grizli-v7.2,38604,1.01250005,11.42411600,10.13336581,-12.87868341,,,images/galaxy_gallery/ceers-full-grizli-v7.2_38604.png
ceers-full-grizli-v7.2,39794,4.17147684,9.91948780,8.92893839,-8.25382826,,,images/galaxy_gallery/ceers-full-grizli-v7.2_39794.png
ceers-full-grizli-v7.2,40663,1.52866185,11.51248352,9.84389844,-8.45830944,44.39839656,8.32074690e-01,images/galaxy_gallery/ceers-full-grizli-v7.2_40663.png
ceers-full-grizli-v7.2,40664,1.41927636,11.49317825,9.98581675,-11.94066177,44.32766047,6.91251480e-01,images/galaxy_gallery/ceers-full-grizli-v7.2_40664.png
ceers-full-grizli-v7.2,42799,3.43746710,10.74581168,9.65002791,-8.38103246,43.41502355,6.18301913e-02,images/galaxy_gallery/ceers-full-grizli-v7.2_42799.png
ceers-full-grizli-v7.2,42944,2.94252896,11.05487204,10.06477211,-9.78905388,,,images/galaxy_gallery/ceers-full-grizli-v7.2_42944.png
ceers-full-grizli-v7.2,44021,2.89574099,11.11749517,10.21469586,-10.43390271,,,images/galaxy_gallery/ceers-full-grizli-v7.2_44021.png
ceers-full-grizli-v7.2,50468,0.82530779,11.25893394,9.85722468,-8.92066758,42.59019228,7.77389678e-03,images/galaxy_gallery/ceers-full-grizli-v7.2_50468.png
ceers-full-grizli-v7.2,50869,3.45268393,10.72159198,9.51861618,-8.25765988,,,images/galaxy_gallery/ceers-full-grizli-v7.2_50869.png
ceers-full-grizli-v7.2,52109,4.35458469,10.32015362,9.24743234,-8.38133187,,,images/galaxy_gallery/ceers-full-grizli-v7.2_52109.png
ceers-full-grizli-v7.2,53892,3.44046998,11.44130573,10.35167160,-8.34831671,,,images/galaxy_gallery/ceers-full-grizli-v7.2_53892.png
ceers-full-grizli-v7.2,55077,3.64016008,11.18037738,10.24940340,-8.40355976,43.92239032,2.25779940e-01,images/galaxy_gallery/ceers-full-grizli-v7.2_55077.png
ceers-full-grizli-v7.2,56394,4.30234480,9.97224755,8.76658267,-8.33698851,,,images/galaxy_gallery/ceers-full-grizli-v7.2_56394.png
ceers-full-grizli-v7.2,56826,4.63033247,10.23615597,9.32135891,-8.30211014,,,images/galaxy_gallery/ceers-full-grizli-v7.2_56826.png
ceers-full-grizli-v7.2,61167,3.38107371,10.65021285,9.73709923,-8.70948441,,,images/galaxy_gallery/ceers-full-grizli-v7.2_61167.png
ceers-full-grizli-v7.2,61168,3.43430614,10.86346864,10.08246696,-8.36257974,,,images/galaxy_gallery/ceers-full-grizli-v7.2_61168.png
ceers-full-grizli-v7.2,63074,1.53217006,11.36394173,9.62106301,-8.92264234,42.99985282,1.95354630e-02,images/galaxy_gallery/ceers-full-grizli-v7.2_63074.png
ceers-full-grizli-v7.2,63149,4.57240391,10.05936238,9.20321156,-8.21671522,,,images/galaxy_gallery/ceers-full-grizli-v7.2_63149.png
ceers-full-grizli-v7.2,64284,2.80267906,11.05854112,10.01995102,-8.54154367,,,images/galaxy_gallery/ceers-full-grizli-v7.2_64284.png
ceers-full-grizli-v7.2,64549,0.91516501,11.36357267,9.99798880,-8.77304222,42.46341429,5.78554240e-03,images/galaxy_gallery/ceers-full-grizli-v7.2_64549.png
ceers-full-grizli-v7.2,64856,1.75003076,11.24937102,9.94270816,-11.24347881,,,images/galaxy_gallery/ceers-full-grizli-v7.2_64856.png
ceers-full-grizli-v7.2,68251,2.93255496,11.02041797,10.20241827,-8.48741325,,,images/galaxy_gallery/ceers-full-grizli-v7.2_68251.png
ceers-full-grizli-v7.2,68529,1.65964341,11.14498675,9.71664139,-9.22160369,,,images/galaxy_gallery/ceers-full-grizli-v7.2_68529.png
ceers-full-grizli-v7.2,69094,0.97539997,11.38089321,10.09156101,-12.48538873,,,images/galaxy_gallery/ceers-full-grizli-v7.2_69094.png
ceers-full-grizli-v7.2,70657,2.25384045,11.25263286,9.95716662,-9.71200317,,,images/galaxy_gallery/ceers-full-grizli-v7.2_70657.png
ceers-full-grizli-v7.2,71100,3.43273401,10.80984453,10.01203949,-9.39875902,,,images/galaxy_gallery/ceers-full-grizli-v7.2_71100.png
ceers-full-grizli-v7.2,71333,4.45825958,10.42990608,9.25788095,-8.22827599,,,images/galaxy_gallery/ceers-full-grizli-v7.2_71333.png
ceers-full-grizli-v7.2,73748,1.59420240,11.54972861,10.09504758,-9.19656282,43.03788586,2.41493986e-02,images/galaxy_gallery/ceers-full-grizli-v7.2_73748.png
ceers-full-grizli-v7.2,74853,0.73346692,11.30726279,10.10504592,-12.11835866,,,images/galaxy_gallery/ceers-full-grizli-v7.2_74853.png
ceers-full-grizli-v7.2,76249,3.32370830,11.26701610,10.29926074,-10.08270420,,,images/galaxy_gallery/ceers-full-grizli-v7.2_76249.png
primer-uds-north-grizli-v7.2,6623,3.46055079,10.90101507,9.90450370,-9.57065298,,,images/galaxy_gallery/primer-uds-north-grizli-v7.2_6623.png
primer-uds-north-grizli-v7.2,6831,2.15617633,11.32132584,9.68540370,-8.45445594,,,images/galaxy_gallery/primer-uds-north-grizli-v7.2_6831.png
primer-uds-north-grizli-v7.2,6840,2.04929662,11.37934569,10.21252589,-12.34902575,,,images/galaxy_gallery/primer-uds-north-grizli-v7.2_6840.png
primer-uds-north-grizli-v7.2,10995,1.76776934,11.22689682,9.67282179,-8.85808381,,,images/galaxy_gallery/primer-uds-north-grizli-v7.2_10995.png
primer-uds-north-grizli-v7.2,15418,2.00107718,11.42650933,10.38725333,-12.35147436,,,images/galaxy_gallery/primer-uds-north-grizli-v7.2_15418.png
primer-uds-north-grizli-v7.2,16339,3.54031157,10.64113849,9.68262315,-8.57754587,,,images/galaxy_gallery/primer-uds-north-grizli-v7.2_16339.png
primer-uds-north-grizli-v7.2,16369,2.20265698,11.33912444,10.19506086,-10.28853255,,,images/galaxy_gallery/primer-uds-north-grizli-v7.2_16369.png
primer-uds-north-grizli-v7.2,16922,1.41129076,11.16521119,9.63811030,-8.87079803,,,images/galaxy_gallery/primer-uds-north-grizli-v7.2_16922.png
primer-uds-north-grizli-v7.2,17094,2.52454996,11.10791936,10.10435110,-10.85339666,,,images/galaxy_gallery/primer-uds-north-grizli-v7.2_17094.png
primer-uds-north-grizli-v7.2,19227,4.14270020,10.32175166,9.47583394,-8.58897791,,,images/galaxy_gallery/primer-uds-north-grizli-v7.2_19227.png
primer-uds-north-grizli-v7.2,19406,2.41481781,11.48336343,10.40443102,-10.58603432,,,images/galaxy_gallery/primer-uds-north-grizli-v7.2_19406.png
primer-uds-north-grizli-v7.2,21002,2.66202235,11.11348171,9.97075063,-11.15407404,44.48947895,1.07189358e+00,images/galaxy_gallery/primer-uds-north-grizli-v7.2_21002.png
primer-uds-north-grizli-v7.2,25726,2.52872992,11.02471183,9.85095930,-8.56235884,,,images/galaxy_gallery/primer-uds-north-grizli-v7.2_25726.png
primer-uds-north-grizli-v7.2,27663,2.36147666,11.30928224,9.97760041,-11.03148557,,,images/galaxy_gallery/primer-uds-north-grizli-v7.2_27663.png
primer-uds-north-grizli-v7.2,30286,2.51889992,10.80618321,9.36927423,-9.09705997,44.13648467,4.14322826e-01,images/galaxy_gallery/primer-uds-north-grizli-v7.2_30286.png
primer-uds-north-grizli-v7.2,31643,3.77870011,10.64485218,9.83726252,-8.53359057,,,images/galaxy_gallery/primer-uds-north-grizli-v7.2_31643.png
primer-uds-north-grizli-v7.2,32286,1.45047998,11.29992795,10.08857288,-10.09178334,,,images/galaxy_gallery/primer-uds-north-grizli-v7.2_32286.png
primer-uds-north-grizli-v7.2,34043,3.13951445,10.83835483,9.55105251,-8.56944517,,,images/galaxy_gallery/primer-uds-north-grizli-v7.2_34043.png
primer-uds-north-grizli-v7.2,38239,3.07889795,11.06579792,10.25449994,-12.27912216,44.31679397,6.69812724e-01,images/galaxy_gallery/primer-uds-north-grizli-v7.2_38239.png
primer-uds-north-grizli-v7.2,40080,3.46095133,10.68327448,9.84051886,-10.18663280,,,images/galaxy_gallery/primer-uds-north-grizli-v7.2_40080.png
primer-uds-north-grizli-v7.2,40510,1.82350004,11.31175736,9.98611113,-9.91046166,,,images/galaxy_gallery/primer-uds-north-grizli-v7.2_40510.png
primer-uds-north-grizli-v7.2,40707,4.61999702,11.00902495,10.37903104,-8.23674273,,,images/galaxy_gallery/primer-uds-north-grizli-v7.2_40707.png
primer-uds-north-grizli-v7.2,40719,1.70281315,11.27579933,10.00553815,-11.18574558,,,images/galaxy_gallery/primer-uds-north-grizli-v7.2_40719.png
primer-uds-north-grizli-v7.2,44064,1.69100857,11.48246911,9.92677194,-10.34647977,,,images/galaxy_gallery/primer-uds-north-grizli-v7.2_44064.png
primer-uds-north-grizli-v7.2,44238,3.89123011,10.73519259,9.94667177,-9.79689648,,,images/galaxy_gallery/primer-uds-north-grizli-v7.2_44238.png
primer-uds-north-grizli-v7.2,44429,4.62659979,9.89795944,8.82255270,-8.31006895,,,images/galaxy_gallery/primer-uds-north-grizli-v7.2_44429.png
primer-uds-north-grizli-v7.2,45319,1.68252623,11.11860174,10.06534182,-12.59201151,,,images/galaxy_gallery/primer-uds-north-grizli-v7.2_45319.png
primer-uds-north-grizli-v7.2,45320,1.51587045,11.51899876,10.15363000,-8.84817955,,,images/galaxy_gallery/primer-uds-north-grizli-v7.2_45320.png
primer-uds-north-grizli-v7.2,46686,1.67079997,11.29358723,10.12424434,-9.85986793,,,images/galaxy_gallery/primer-uds-north-grizli-v7.2_46686.png
primer-uds-north-grizli-v7.2,47127,2.49524522,11.20851789,10.29780227,-12.72106448,,,images/galaxy_gallery/primer-uds-north-grizli-v7.2_47127.png
primer-uds-north-grizli-v7.2,47325,1.65666986,11.18265229,9.85084798,-9.66245701,43.99306732,2.84487592e-01,images/galaxy_gallery/primer-uds-north-grizli-v7.2_47325.png
primer-uds-north-grizli-v7.2,48450,4.13397360,10.17782606,9.43322205,-8.67157378,,,images/galaxy_gallery/primer-uds-north-grizli-v7.2_48450.png
primer-uds-north-grizli-v7.2,50984,0.62730002,11.44386200,10.12478446,-13.61972634,,,images/galaxy_gallery/primer-uds-north-grizli-v7.2_50984.png
primer-uds-north-grizli-v7.2,52066,4.19289875,10.08941884,9.10322399,-8.30091896,,,images/galaxy_gallery/primer-uds-north-grizli-v7.2_52066.png
primer-uds-north-grizli-v7.2,53754,1.72284722,11.21462991,9.86171228,-11.96237332,,,images/galaxy_gallery/primer-uds-north-grizli-v7.2_53754.png
primer-uds-north-grizli-v7.2,55916,4.09408903,10.62802292,9.87908416,-9.40640823,,,images/galaxy_gallery/primer-uds-north-grizli-v7.2_55916.png
primer-uds-north-grizli-v7.2,57923,0.77949834,11.40552969,10.14308313,-13.57518135,,,images/galaxy_gallery/primer-uds-north-grizli-v7.2_57923.png
primer-uds-north-grizli-v7.2,60366,3.97063565,10.42522572,9.16542656,-8.39458065,,,images/galaxy_gallery/primer-uds-north-grizli-v7.2_60366.png
primer-uds-north-grizli-v7.2,60967,1.99051523,11.38535597,10.22232753,-8.42211882,,,images/galaxy_gallery/primer-uds-north-grizli-v7.2_60967.png
primer-uds-north-grizli-v7.2,63310,0.51751786,11.28168775,10.03940022,-11.79974178,,,images/galaxy_gallery/primer-uds-north-grizli-v7.2_63310.png
primer-uds-north-grizli-v7.2,63978,2.76288986,11.12881684,9.99032360,-11.42896776,,,images/galaxy_gallery/primer-uds-north-grizli-v7.2_63978.png
primer-uds-north-grizli-v7.2,65008,2.03800392,11.15984524,9.99840085,-9.92968503,43.47864570,7.65912437e-02,images/galaxy_gallery/primer-uds-north-grizli-v7.2_65008.png
primer-uds-north-grizli-v7.2,65327,2.46556640,11.47087055,9.94915684,-8.29168440,44.85762637,2.99303190e+00,images/galaxy_gallery/primer-uds-north-grizli-v7.2_65327.png
primer-uds-north-grizli-v7.2,66675,4.44778824,10.81337549,9.90907711,-8.92586488,,,images/galaxy_gallery/primer-uds-north-grizli-v7.2_66675.png
primer-uds-north-grizli-v7.2,70753,4.35913992,10.08551907,9.05295380,-8.52656318,,,images/galaxy_gallery/primer-uds-north-grizli-v7.2_70753.png
primer-uds-north-grizli-v7.2,71720,0.89026713,11.52477409,10.17585525,-10.95645641,,,images/galaxy_gallery/primer-uds-north-grizli-v7.2_71720.png
primer-uds-north-grizli-v7.2,71721,1.00392902,11.40091353,10.08171928,-10.72803401,,,images/galaxy_gallery/primer-uds-north-grizli-v7.2_71721.png
primer-uds-north-grizli-v7.2,73042,1.00090313,11.54758348,10.16863425,-10.56268842,,,images/galaxy_gallery/primer-uds-north-grizli-v7.2_73042.png
primer-uds-north-grizli-v7.2,74754,2.89087510,11.00776713,9.92829801,-10.60230750,,,images/galaxy_gallery/primer-uds-north-grizli-v7.2_74754.png
primer-uds-north-grizli-v7.2,79897,3.39483881,11.12013630,10.29451007,-9.13442511,44.60779627,1.48480520e+00,images/galaxy_gallery/primer-uds-north-grizli-v7.2_79897.png
primer-uds-north-grizli-v7.2,80263,3.54643059,10.99950733,10.35992121,-8.46890211,,,images/galaxy_gallery/primer-uds-north-grizli-v7.2_80263.png
primer-uds-north-grizli-v7.2,80301,1.66205096,11.35016636,10.15223733,-11.08385512,,,images/galaxy_gallery/primer-uds-north-grizli-v7.2_80301.png
primer-uds-north-grizli-v7.2,83035,4.94492674,10.02355883,9.50050265,-8.43056507,,,images/galaxy_gallery/primer-uds-north-grizli-v7.2_83035.png
primer-uds-north-grizli-v7.2,83523,1.83101308,11.15482992,10.23270532,-10.93973766,,,images/galaxy_gallery/primer-uds-north-grizli-v7.2_83523.png
primer-uds-north-grizli-v7.2,86616,3.46004915,11.32203392,10.44249888,-12.30794906,,,images/galaxy_gallery/primer-uds-north-grizli-v7.2_86616.png
primer-uds-south-grizli-v7.2,1627,3.50318217,10.94989448,9.55588339,-9.65045420,,,images/galaxy_gallery/primer-uds-south-grizli-v7.2_1627.png
primer-uds-south-grizli-v7.2,2028,1.62696493,11.31795603,10.26746544,-9.32755610,,,images/galaxy_gallery/primer-uds-south-grizli-v7.2_2028.png
primer-uds-south-grizli-v7.2,2681,2.62280083,11.15737243,9.91024714,-9.42687169,,,images/galaxy_gallery/primer-uds-south-grizli-v7.2_2681.png
primer-uds-south-grizli-v7.2,2703,3.46851921,10.32644049,9.28084596,-8.86289079,,,images/galaxy_gallery/primer-uds-south-grizli-v7.2_2703.png
primer-uds-south-grizli-v7.2,2916,2.56907511,11.24189124,10.03032966,-11.53449314,43.60920419,1.06964484e-01,images/galaxy_gallery/primer-uds-south-grizli-v7.2_2916.png
primer-uds-south-grizli-v7.2,4007,2.98709965,10.89848940,9.62952079,-9.06084310,,,images/galaxy_gallery/primer-uds-south-grizli-v7.2_4007.png
primer-uds-south-grizli-v7.2,4018,2.62852502,10.94143116,9.95485318,-9.37510441,,,images/galaxy_gallery/primer-uds-south-grizli-v7.2_4018.png
primer-uds-south-grizli-v7.2,5834,0.64046931,11.32998301,9.86763484,-9.70920418,,,images/galaxy_gallery/primer-uds-south-grizli-v7.2_5834.png
primer-uds-south-grizli-v7.2,6723,4.78595495,9.81961681,9.28346856,-8.46983781,,,images/galaxy_gallery/primer-uds-south-grizli-v7.2_6723.png
primer-uds-south-grizli-v7.2,8765,3.38805652,10.55965694,9.56206914,-8.58142736,,,images/galaxy_gallery/primer-uds-south-grizli-v7.2_8765.png
primer-uds-south-grizli-v7.2,8895,3.98095989,10.63122681,9.37046674,-8.38284087,,,images/galaxy_gallery/primer-uds-south-grizli-v7.2_8895.png
primer-uds-south-grizli-v7.2,11298,2.56881523,11.42701360,10.47098240,-8.33338636,43.36452392,4.38002681e-02,images/galaxy_gallery/primer-uds-south-grizli-v7.2_11298.png
primer-uds-south-grizli-v7.2,12594,3.99298716,10.85107291,10.15514886,-10.13651387,,,images/galaxy_gallery/primer-uds-south-grizli-v7.2_12594.png
primer-uds-south-grizli-v7.2,13760,0.64201951,11.31348819,9.84237006,-8.73640502,,,images/galaxy_gallery/primer-uds-south-grizli-v7.2_13760.png
primer-uds-south-grizli-v7.2,15852,3.46864343,10.24257983,8.93452167,-9.41571961,,,images/galaxy_gallery/primer-uds-south-grizli-v7.2_15852.png
primer-uds-south-grizli-v7.2,15853,3.90948772,10.79875276,9.93255759,-10.42281110,,,images/galaxy_gallery/primer-uds-south-grizli-v7.2_15853.png
primer-uds-south-grizli-v7.2,16431,0.64048374,11.23641344,9.91777097,-9.60788737,,,images/galaxy_gallery/primer-uds-south-grizli-v7.2_16431.png
primer-uds-south-grizli-v7.2,16627,2.56905842,10.99323065,9.61955326,-8.36891385,,,images/galaxy_gallery/primer-uds-south-grizli-v7.2_16627.png
primer-uds-south-grizli-v7.2,16789,3.44790578,10.78902194,9.90818502,-8.45442388,,,images/galaxy_gallery/primer-uds-south-grizli-v7.2_16789.png
primer-uds-south-grizli-v7.2,17460,1.66539073,11.23757298,10.02262087,-10.64398016,,,images/galaxy_gallery/primer-uds-south-grizli-v7.2_17460.png
primer-uds-south-grizli-v7.2,19230,1.98914039,11.24555846,10.06694608,-10.27188486,,,images/galaxy_gallery/primer-uds-south-grizli-v7.2_19230.png
primer-uds-south-grizli-v7.2,19735,4.80470324,10.53898458,9.50617847,-8.50936560,,,images/galaxy_gallery/primer-uds-south-grizli-v7.2_19735.png
primer-uds-south-grizli-v7.2,19785,3.73646617,10.69889545,9.91246648,-9.29924108,,,images/galaxy_gallery/primer-uds-south-grizli-v7.2_19785.png
primer-uds-south-grizli-v7.2,20451,3.24422693,10.56882476,9.73818599,-8.60182675,,,images/galaxy_gallery/primer-uds-south-grizli-v7.2_20451.png
primer-uds-south-grizli-v7.2,21036,4.12757635,10.78138736,9.80685294,-8.51333016,,,images/galaxy_gallery/primer-uds-south-grizli-v7.2_21036.png
primer-uds-south-grizli-v7.2,22938,2.61975718,11.29460543,9.95580527,-11.54745569,44.39909827,8.37403374e-01,images/galaxy_gallery/primer-uds-south-grizli-v7.2_22938.png
primer-uds-south-grizli-v7.2,23399,0.71430433,11.29195369,10.09792568,-11.20420915,,,images/galaxy_gallery/primer-uds-south-grizli-v7.2_23399.png
primer-uds-south-grizli-v7.2,25927,4.40868282,9.83491910,8.99071875,-8.34939570,,,images/galaxy_gallery/primer-uds-south-grizli-v7.2_25927.png
primer-uds-south-grizli-v7.2,25974,1.80011761,11.04421244,9.89603222,-9.97018047,,,images/galaxy_gallery/primer-uds-south-grizli-v7.2_25974.png
primer-uds-south-grizli-v7.2,26314,2.46087813,11.06758575,10.23031689,-10.38869623,43.76659699,1.60629663e-01,images/galaxy_gallery/primer-uds-south-grizli-v7.2_26314.png
primer-uds-south-grizli-v7.2,28847,1.45599997,11.53214879,10.29077171,-13.07267546,43.47137851,7.64668459e-02,images/galaxy_gallery/primer-uds-south-grizli-v7.2_28847.png
primer-uds-south-grizli-v7.2,30116,1.76823080,11.37348771,10.30872307,-12.76928889,,,images/galaxy_gallery/primer-uds-south-grizli-v7.2_30116.png
primer-uds-south-grizli-v7.2,30341,3.79713678,10.59534275,9.79916053,-8.40980310,44.09677734,3.71353358e-01,images/galaxy_gallery/primer-uds-south-grizli-v7.2_30341.png
primer-uds-south-grizli-v7.2,30348,2.73104572,10.86204201,9.78911744,-11.81103769,,,images/galaxy_gallery/primer-uds-south-grizli-v7.2_30348.png
primer-uds-south-grizli-v7.2,31439,2.98600459,10.91893172,9.63661050,-9.30101919,,,images/galaxy_gallery/primer-uds-south-grizli-v7.2_31439.png
primer-uds-south-grizli-v7.2,33854,0.75122273,11.26630413,10.11040557,-13.10844454,,,images/galaxy_gallery/primer-uds-south-grizli-v7.2_33854.png
primer-uds-south-grizli-v7.2,34297,2.54517078,11.06705347,10.15781699,-12.53112331,,,images/galaxy_gallery/primer-uds-south-grizli-v7.2_34297.png
primer-uds-south-grizli-v7.2,34507,0.60299999,11.44972628,10.26537057,-12.93401858,44.03127377,3.17402428e-01,images/galaxy_gallery/primer-uds-south-grizli-v7.2_34507.png
primer-uds-south-grizli-v7.2,35075,0.81272274,11.28339129,10.17129272,-13.47063892,,,images/galaxy_gallery/primer-uds-south-grizli-v7.2_35075.png
primer-uds-south-grizli-v7.2,35581,4.44837856,10.18830431,9.26471696,-8.58953572,,,images/galaxy_gallery/primer-uds-south-grizli-v7.2_35581.png
primer-uds-south-grizli-v7.2,35638,2.63412142,11.05441583,10.10406937,-9.93644113,,,images/galaxy_gallery/primer-uds-south-grizli-v7.2_35638.png
primer-uds-south-grizli-v7.2,35974,4.31504393,9.86650532,8.99036032,-8.23123299,,,images/galaxy_gallery/primer-uds-south-grizli-v7.2_35974.png
primer-uds-south-grizli-v7.2,36025,4.44698572,10.56336996,9.59737118,-9.14705552,,,images/galaxy_gallery/primer-uds-south-grizli-v7.2_36025.png
primer-uds-south-grizli-v7.2,39684,0.64726877,11.52418777,10.22595933,-12.82613801,,,images/galaxy_gallery/primer-uds-south-grizli-v7.2_39684.png
primer-uds-south-grizli-v7.2,39932,1.34110928,11.58231851,10.21076882,-13.32411292,,,images/galaxy_gallery/primer-uds-south-grizli-v7.2_39932.png
primer-uds-south-grizli-v7.2,41324,1.41100001,11.31771398,10.09847469,-12.76454688,,,images/galaxy_gallery/primer-uds-south-grizli-v7.2_41324.png
primer-uds-south-grizli-v7.2,41483,2.64551044,11.01298982,10.04792905,-10.21646553,,,images/galaxy_gallery/primer-uds-south-grizli-v7.2_41483.png
primer-uds-south-grizli-v7.2,41598,2.65895653,11.25211813,10.08315072,-10.41522572,,,images/galaxy_gallery/primer-uds-south-grizli-v7.2_41598.png
primer-uds-south-grizli-v7.2,43890,0.74226111,11.42436656,10.18217121,-13.29705770,,,images/galaxy_gallery/primer-uds-south-grizli-v7.2_43890.png
primer-uds-south-grizli-v7.2,43965,0.78905070,11.32706114,9.99779199,-13.44703709,,,images/galaxy_gallery/primer-uds-south-grizli-v7.2_43965.png
primer-uds-south-grizli-v7.2,44431,2.54418898,11.04022183,9.71444680,-9.50042588,,,images/galaxy_gallery/primer-uds-south-grizli-v7.2_44431.png
primer-uds-south-grizli-v7.2,45956,2.04857063,11.24753720,10.04848010,-12.07550946,,,images/galaxy_gallery/primer-uds-south-grizli-v7.2_45956.png
primer-uds-south-grizli-v7.2,47385,1.76838815,11.38303959,10.24001704,-9.74138635,43.63913489,1.14370955e-01,images/galaxy_gallery/primer-uds-south-grizli-v7.2_47385.png
primer-uds-south-grizli-v7.2,48393,3.98685455,11.10532582,10.37389384,-8.28870313,,,images/galaxy_gallery/primer-uds-south-grizli-v7.2_48393.png
primer-uds-south-grizli-v7.2,48552,3.29205656,10.65686675,9.66812798,-8.96653779,,,images/galaxy_gallery/primer-uds-south-grizli-v7.2_48552.png
primer-uds-south-grizli-v7.2,48959,3.76867509,10.94494229,9.47901805,-8.66181930,,,images/galaxy_gallery/primer-uds-south-grizli-v7.2_48959.png
primer-uds-south-grizli-v7.2,49371,3.19677544,10.86953758,9.57692274,-9.09729689,,,images/galaxy_gallery/primer-uds-south-grizli-v7.2_49371.png
primer-uds-south-grizli-v7.2,50383,4.09274101,10.68138490,10.03983113,-9.89853679,,,images/galaxy_gallery/primer-uds-south-grizli-v7.2_50383.png
primer-uds-south-grizli-v7.2,50988,2.17132783,11.03009433,10.04944181,-8.55302002,43.62141122,1.07137205e-01,images/galaxy_gallery/primer-uds-south-grizli-v7.2_50988.png
primer-uds-south-grizli-v7.2,52916,3.19398665,11.09510471,10.24971573,-10.47485943,,,images/galaxy_gallery/primer-uds-south-grizli-v7.2_52916.png
primer-uds-south-grizli-v7.2,53177,0.73635161,11.27291431,10.01724596,-13.53247267,,,images/galaxy_gallery/primer-uds-south-grizli-v7.2_53177.png
primer-uds-south-grizli-v7.2,54980,2.18195009,11.08072320,9.73800987,-8.62020946,43.63100391,1.09364883e-01,images/galaxy_gallery/primer-uds-south-grizli-v7.2_54980.png
primer-uds-south-grizli-v7.2,58574,0.64399999,11.39313327,10.16390198,-13.66948186,,,images/galaxy_gallery/primer-uds-south-grizli-v7.2_58574.png
primer-uds-south-grizli-v7.2,61783,2.12095451,11.38653749,9.99890486,-12.19129543,,,images/galaxy_gallery/primer-uds-south-grizli-v7.2_61783.png
primer-uds-south-grizli-v7.2,62259,4.36274624,10.85956569,10.18407212,-9.46275754,,,images/galaxy_gallery/primer-uds-south-grizli-v7.2_62259.png
primer-uds-south-grizli-v7.2,63291,4.40594149,10.08092284,9.33585052,-8.75457282,,,images/galaxy_gallery/primer-uds-south-grizli-v7.2_63291.png
primer-uds-south-grizli-v7.2,63927,0.91900003,11.54644411,10.21444881,-12.97624453,,,images/galaxy_gallery/primer-uds-south-grizli-v7.2_63927.png
primer-uds-south-grizli-v7.2,64058,0.78458339,11.38573557,10.14756708,-13.51423355,,,images/galaxy_gallery/primer-uds-south-grizli-v7.2_64058.png
primer-uds-south-grizli-v7.2,66995,2.19255829,11.20802480,9.71881637,-9.58495696,,,images/galaxy_gallery/primer-uds-south-grizli-v7.2_66995.png
primer-uds-south-grizli-v7.2,67353,1.89014781,11.19204702,10.23575161,-10.88489197,,,images/galaxy_gallery/primer-uds-south-grizli-v7.2_67353.png
primer-uds-south-grizli-v7.2,67898,3.65459704,10.69090944,9.93112018,-9.59413254,,,images/galaxy_gallery/primer-uds-south-grizli-v7.2_67898.png
primer-uds-south-grizli-v7.2,68778,4.23140287,10.39648427,9.24699956,-8.34052098,,,images/galaxy_gallery/primer-uds-south-grizli-v7.2_68778.png
primer-uds-south-grizli-v7.2,68797,1.37750006,11.34600634,10.10618558,-11.82470819,43.38060909,6.13611698e-02,images/galaxy_gallery/primer-uds-south-grizli-v7.2_68797.png
primer-uds-south-grizli-v7.2,69140,2.73090792,10.73005740,9.74999876,-9.00412544,,,images/galaxy_gallery/primer-uds-south-grizli-v7.2_69140.png
primer-cosmos-west-grizli-v7.0,6598,1.45239210,11.45752114,10.21031507,-12.19096778,,,images/galaxy_gallery/primer-cosmos-west-grizli-v7.0_6598.png
primer-cosmos-west-grizli-v7.0,7645,2.86321855,10.80351746,9.91841719,-8.85786390,,,images/galaxy_gallery/primer-cosmos-west-grizli-v7.0_7645.png
primer-cosmos-west-grizli-v7.0,10294,2.04623795,11.36567205,10.28416001,-13.10845630,,,images/galaxy_gallery/primer-cosmos-west-grizli-v7.0_10294.png
primer-cosmos-west-grizli-v7.0,10778,4.38190699,10.02716829,9.07011580,-8.38736175,,,images/galaxy_gallery/primer-cosmos-west-grizli-v7.0_10778.png
primer-cosmos-west-grizli-v7.0,10901,1.76116300,11.50224731,10.28173993,-12.35224203,,,images/galaxy_gallery/primer-cosmos-west-grizli-v7.0_10901.png
primer-cosmos-west-grizli-v7.0,11009,2.50252438,11.18021659,9.98015551,-10.89479796,,,images/galaxy_gallery/primer-cosmos-west-grizli-v7.0_11009.png
primer-cosmos-west-grizli-v7.0,11730,4.44674253,10.53770969,9.70323280,-8.82731988,,,images/galaxy_gallery/primer-cosmos-west-grizli-v7.0_11730.png
primer-cosmos-west-grizli-v7.0,13707,3.97000003,11.30597052,10.25728363,-8.61746662,,,images/galaxy_gallery/primer-cosmos-west-grizli-v7.0_13707.png
primer-cosmos-west-grizli-v7.0,15682,1.80928147,11.24570006,9.92639209,-8.64736859,,,images/galaxy_gallery/primer-cosmos-west-grizli-v7.0_15682.png
primer-cosmos-west-grizli-v7.0,15684,2.42395186,11.28717378,10.13632140,-10.56741022,,,images/galaxy_gallery/primer-cosmos-west-grizli-v7.0_15684.png
primer-cosmos-west-grizli-v7.0,18480,4.96500015,9.95969349,8.85527865,-8.24033976,,,images/galaxy_gallery/primer-cosmos-west-grizli-v7.0_18480.png
primer-cosmos-west-grizli-v7.0,18736,3.40925479,10.87165604,9.69716823,-8.68266034,,,images/galaxy_gallery/primer-cosmos-west-grizli-v7.0_18736.png
primer-cosmos-west-grizli-v7.0,19045,0.73320001,11.32321824,10.07860461,-8.64130232,,,images/galaxy_gallery/primer-cosmos-west-grizli-v7.0_19045.png
primer-cosmos-west-grizli-v7.0,19198,3.48852968,10.68321352,9.57335970,-8.74612510,,,images/galaxy_gallery/primer-cosmos-west-grizli-v7.0_19198.png
primer-cosmos-west-grizli-v7.0,23147,4.47266912,9.95685692,8.99502477,-8.26875531,,,images/galaxy_gallery/primer-cosmos-west-grizli-v7.0_23147.png
primer-cosmos-west-grizli-v7.0,23545,0.92510003,11.40187109,10.11887034,-12.80516621,,,images/galaxy_gallery/primer-cosmos-west-grizli-v7.0_23545.png
primer-cosmos-west-grizli-v7.0,23593,2.86500001,11.48128867,10.49922783,-10.07537681,,,images/galaxy_gallery/primer-cosmos-west-grizli-v7.0_23593.png
primer-cosmos-west-grizli-v7.0,23594,2.76957273,11.13266940,10.07463716,-10.25342542,,,images/galaxy_gallery/primer-cosmos-west-grizli-v7.0_23594.png
primer-cosmos-west-grizli-v7.0,25832,4.45497751,9.91329485,8.95442471,-8.37758576,,,images/galaxy_gallery/primer-cosmos-west-grizli-v7.0_25832.png
primer-cosmos-west-grizli-v7.0,29259,2.04701734,11.34345086,10.05897385,-10.70276552,,,images/galaxy_gallery/primer-cosmos-west-grizli-v7.0_29259.png
primer-cosmos-west-grizli-v7.0,31211,2.10070324,11.11830358,9.98306089,-8.31592237,44.05212805,3.21767987e-01,images/galaxy_gallery/primer-cosmos-west-grizli-v7.0_31211.png
primer-cosmos-west-grizli-v7.0,31247,4.28970814,10.52866322,9.87769752,-8.32781991,,,images/galaxy_gallery/primer-cosmos-west-grizli-v7.0_31247.png
primer-cosmos-west-grizli-v7.0,32965,2.09095788,11.65901424,10.45340751,-12.41549647,,,images/galaxy_gallery/primer-cosmos-west-grizli-v7.0_32965.png
primer-cosmos-west-grizli-v7.0,35275,2.45202899,11.02641249,10.03496113,-11.00062257,,,images/galaxy_gallery/primer-cosmos-west-grizli-v7.0_35275.png
primer-cosmos-west-grizli-v7.0,36968,3.46246266,11.02593679,10.12389872,-10.12797422,,,images/galaxy_gallery/primer-cosmos-west-grizli-v7.0_36968.png
primer-cosmos-west-grizli-v7.0,38491,4.54277468,10.43538852,9.06295349,-8.23783971,,,images/galaxy_gallery/primer-cosmos-west-grizli-v7.0_38491.png
primer-cosmos-west-grizli-v7.0,40177,4.45997429,10.12006805,9.51906158,-8.55812991,,,images/galaxy_gallery/primer-cosmos-west-grizli-v7.0_40177.png
primer-cosmos-west-grizli-v7.0,42970,0.53219998,11.25503888,9.91555664,-11.93233269,,,images/galaxy_gallery/primer-cosmos-west-grizli-v7.0_42970.png
primer-cosmos-west-grizli-v7.0,44963,4.40972233,9.92519728,9.00961291,-8.37222367,,,images/galaxy_gallery/primer-cosmos-west-grizli-v7.0_44963.png
primer-cosmos-west-grizli-v7.0,45574,2.55539703,11.22874489,9.84583076,-12.01423181,,,images/galaxy_gallery/primer-cosmos-west-grizli-v7.0_45574.png
primer-cosmos-west-grizli-v7.0,47098,2.47150350,11.18750960,10.09598652,-12.56706647,,,images/galaxy_gallery/primer-cosmos-west-grizli-v7.0_47098.png
primer-cosmos-west-grizli-v7.0,47709,2.46743393,11.06342977,9.78491995,-12.90135475,,,images/galaxy_gallery/primer-cosmos-west-grizli-v7.0_47709.png
primer-cosmos-west-grizli-v7.0,49292,4.12099981,10.66654009,9.68588614,-9.07608727,,,images/galaxy_gallery/primer-cosmos-west-grizli-v7.0_49292.png
primer-cosmos-west-grizli-v7.0,50565,3.53276229,10.50761921,9.33961005,-8.34332334,,,images/galaxy_gallery/primer-cosmos-west-grizli-v7.0_50565.png
primer-cosmos-west-grizli-v7.0,51892,2.79516482,11.22440609,10.39877221,-10.44409490,,,images/galaxy_gallery/primer-cosmos-west-grizli-v7.0_51892.png
primer-cosmos-west-grizli-v7.0,53235,4.69607878,9.86929054,8.66625162,-8.20908069,,,images/galaxy_gallery/primer-cosmos-west-grizli-v7.0_53235.png
primer-cosmos-west-grizli-v7.0,54371,4.63950014,9.91689604,8.94027729,-8.56064813,,,images/galaxy_gallery/primer-cosmos-west-grizli-v7.0_54371.png
primer-cosmos-west-grizli-v7.0,54483,3.50039434,10.45336229,9.31477796,-9.04994326,,,images/galaxy_gallery/primer-cosmos-west-grizli-v7.0_54483.png
primer-cosmos-east-grizli-v7.0,2835,2.54283834,11.08039341,9.66521056,-8.94500226,,,images/galaxy_gallery/primer-cosmos-east-grizli-v7.0_2835.png
primer-cosmos-east-grizli-v7.0,2862,3.47639656,10.88365405,9.96837128,-8.94325700,,,images/galaxy_gallery/primer-cosmos-east-grizli-v7.0_2862.png
primer-cosmos-east-grizli-v7.0,4531,4.29545593,9.96218078,9.14698538,-8.36488482,,,images/galaxy_gallery/primer-cosmos-east-grizli-v7.0_4531.png
primer-cosmos-east-grizli-v7.0,5048,2.92633915,11.13607939,10.36956183,-10.06967745,,,images/galaxy_gallery/primer-cosmos-east-grizli-v7.0_5048.png
primer-cosmos-east-grizli-v7.0,6692,3.00989580,10.90215873,9.80771071,-9.28420921,,,images/galaxy_gallery/primer-cosmos-east-grizli-v7.0_6692.png
primer-cosmos-east-grizli-v7.0,7384,0.87830001,11.26279572,9.94062793,-12.58668131,,,images/galaxy_gallery/primer-cosmos-east-grizli-v7.0_7384.png
primer-cosmos-east-grizli-v7.0,8999,2.10260010,11.29898723,10.11580530,-10.57653250,,,images/galaxy_gallery/primer-cosmos-east-grizli-v7.0_8999.png
primer-cosmos-east-grizli-v7.0,18117,1.21700001,11.51030153,10.18580517,-12.87064419,43.24368323,4.35559472e-02,images/galaxy_gallery/primer-cosmos-east-grizli-v7.0_18117.png
primer-cosmos-east-grizli-v7.0,22936,2.10230017,11.18134126,9.89027900,-10.63686676,,,images/galaxy_gallery/primer-cosmos-east-grizli-v7.0_22936.png
primer-cosmos-east-grizli-v7.0,24245,1.60327113,11.43474100,10.14420656,-8.43861190,44.94712605,3.96708500e+00,images/galaxy_gallery/primer-cosmos-east-grizli-v7.0_24245.png
primer-cosmos-east-grizli-v7.0,28532,1.52566004,11.36612199,10.05490739,-10.42171871,,,images/galaxy_gallery/primer-cosmos-east-grizli-v7.0_28532.png
primer-cosmos-east-grizli-v7.0,29579,2.68760991,11.04110678,10.01385831,-10.30240298,,,images/galaxy_gallery/primer-cosmos-east-grizli-v7.0_29579.png
primer-cosmos-east-grizli-v7.0,32928,4.54306650,9.79599660,9.17538670,-8.46245170,,,images/galaxy_gallery/primer-cosmos-east-grizli-v7.0_32928.png
primer-cosmos-east-grizli-v7.0,33948,3.59667253,10.51915585,9.60106375,-8.54952187,,,images/galaxy_gallery/primer-cosmos-east-grizli-v7.0_33948.png
primer-cosmos-east-grizli-v7.0,34853,3.46584105,10.75232677,9.83715454,-10.65041784,,,images/galaxy_gallery/primer-cosmos-east-grizli-v7.0_34853.png
primer-cosmos-east-grizli-v7.0,36132,1.72380722,11.14008200,9.79736210,-9.17713775,,,images/galaxy_gallery/primer-cosmos-east-grizli-v7.0_36132.png
primer-cosmos-east-grizli-v7.0,38353,4.09000015,10.02807556,9.23597320,-8.93692445,,,images/galaxy_gallery/primer-cosmos-east-grizli-v7.0_38353.png
primer-cosmos-east-grizli-v7.0,40145,3.32784772,10.63163700,9.52767117,-9.94946340,,,images/galaxy_gallery/primer-cosmos-east-grizli-v7.0_40145.png
primer-cosmos-east-grizli-v7.0,40610,4.93112803,10.27236727,8.97181479,-8.22525312,,,images/galaxy_gallery/primer-cosmos-east-grizli-v7.0_40610.png
primer-cosmos-east-grizli-v7.0,42407,3.74824905,10.66830369,9.78673887,-9.72962229,,,images/galaxy_gallery/primer-cosmos-east-grizli-v7.0_42407.png
primer-cosmos-east-grizli-v7.0,44966,2.07844281,11.10948542,10.03835143,-9.69454661,,,images/galaxy_gallery/primer-cosmos-east-grizli-v7.0_44966.png
primer-cosmos-east-grizli-v7.0,45144,3.74284244,10.55749925,9.56714821,-8.98340948,,,images/galaxy_gallery/primer-cosmos-east-grizli-v7.0_45144.png
primer-cosmos-east-grizli-v7.0,45355,4.56445169,9.92315666,9.14316699,-8.29780535,,,images/galaxy_gallery/primer-cosmos-east-grizli-v7.0_45355.png
primer-cosmos-east-grizli-v7.0,47291,3.93600011,10.71802599,9.85694740,-8.25915235,,,images/galaxy_gallery/primer-cosmos-east-grizli-v7.0_47291.png
primer-cosmos-east-grizli-v7.0,51202,2.51321006,11.06821413,9.82515480,-9.53240914,,,images/galaxy_gallery/primer-cosmos-east-grizli-v7.0_51202.png
primer-cosmos-east-grizli-v7.0,51514,4.30715275,9.79320034,9.11754131,-8.49837508,,,images/galaxy_gallery/primer-cosmos-east-grizli-v7.0_51514.png
primer-cosmos-east-grizli-v7.0,53070,1.92809606,11.42979080,10.38982978,-13.48817916,,,images/galaxy_gallery/primer-cosmos-east-grizli-v7.0_53070.png
primer-cosmos-east-grizli-v7.0,53810,3.33183098,10.65261165,9.59866946,-8.83782516,,,images/galaxy_gallery/primer-cosmos-east-grizli-v7.0_53810.png
primer-cosmos-east-grizli-v7.0,56261,3.48578882,10.88653643,9.82635207,-9.39113770,,,images/galaxy_gallery/primer-cosmos-east-grizli-v7.0_56261.png
primer-cosmos-east-grizli-v7.0,56300,2.19675851,11.00492862,9.57835194,-8.48165898,,,images/galaxy_gallery/primer-cosmos-east-grizli-v7.0_56300.png
primer-cosmos-east-grizli-v7.0,58512,1.58469999,11.49250894,10.37715108,-11.11478811,,,images/galaxy_gallery/primer-cosmos-east-grizli-v7.0_58512.png
